text,label
wonder police expect happen continually abuse kill people honestly expect public nothing lie back take let cop turn one massive street gang allow kill without consequence even rat cornered defend,1
basset think walmart hire holiday get job loser,1
anybody get cigar,0
monkey scream bout honkie intensifie,1
53 see brick hit white pig helmet laugh ass nice shot hit face,1
not reckon black life matter banner hold white cunt kind patronize ironically racist could not come something well white folk give self pride oh look nice black people always race actually whole world hesitate around fear racist fucking daft man,1
thank stefan humorous tragic enlightening california,0
send france,0
tell even taboo talk something news medium not touch ten foot pole black white crime black sexually assault 30 00 white woman 2005 few 10 black woman sexually assault white man yes use 2005 boy not make stat available online anymore state statistic may inflammatory certain ethnic group tip iceberg,0
need arrest protester soon start block traffic driver see start block road would not stop,1
sick see racist comment shame still rascal 2015 grow fuck people,1
stefan molyneux hate black much actually not surprised bloody british people conquer we absolutely nothing freedom gain decade go hate we not pale one would wonder mother black woman,1
pant not loot,0
thank real hear little girl think thing rage media ever behind want promote racial tension nobody black community want talk elephant room almost like everything medium music scene promote thug life,0
dear grindahz aka pot call kettle black spelling list week whether weather way weigh ferguson stupid 10 hypocrite stay tuned grammar lesson punctuation lesson,0
people stupid fuck would work 7 be idea fun loser nothing well oh yes great work burn auto place no people unemployed not provide family great work police shot criminal happen black people definition sheep not one individual thinker among,1
thank yet another sober analysis stefan amount bias deception leave mainstream medium insane,0
not believe recite music listen cop use excessive force cop become judge jury executioner society screw issue cop not get train escalation force not use non lethal mean apprehend civilian suspect,0
pretty woman dang,0
like black racist white people without consequence keep nice new world live keep,1
find amusing protester claim fight racism yet blind racism several report black people attack white people couple day ago report white man beat death hammer black teen st louis yes clearly no racial intent fucking hypocrite,1
michael brown thug god bless thin blue line graduate police academy december,1
see impose outlaws fact even machine gun people could not anything police car body protection like tank want say,0
majority people ferguson african american elect official not african american mayor city council police chief elect official people community not step fill role,0
yet another reason police need wear recording device time people well really help ensure truth maintain time imagine officer pop camera would show situation,0
police not militarize,0
white folk always ask would cop something could ruin career answer know get away know chief fellow cop cover know white folk asshole like make excuse slim none chance trial kind always acquit,0
amen amen sister go strong black woman get back,0
shoot not one thing black black people make black issue bottom line grow man rob store ignore police order people think ok protest behalf thug no respect law yes shame come death not thief would still alive hear bullshit black get get hard street street blah blah blah wear hard live like badge honor no honor country hey let we go steal cigarillos make blunt worsen already ghetto,1
white man not finish sentence america need wake truth murder,1
someone shoot black idiot would make giggle inside,1
would stop cost come black community create no responsibility no worry,0
say black piece come bit stiff due repeat use african american,0
get job,1
make song address ferguson issue today please listen thank big picture soundcloud listen big picture cool no problem soundcloud,0
basset right express freedom expression right amendment constitution not think competent,0
fuck gay ass bald white frenchy night going set dang judge whole criminal conspiracy micheal brown motherfucke hand air son smart know night hand motherfucke air sign show innocent crime sorry cuss shit internationally recognize indication innocence part perpetrator night medium plain old fashioned example murder first degree part mister officer darren wilson takin life night college student night kent state protest get ass shoot historic event michael brown shoot dead street takin part ferguson protest medium motherfucker try explain away,1
black young woman like stefan think need people like country,0
watch video clear stefan seem buy argument favor white police officer not dead black kid watch video post see patter bias exist sure enough repeat patter argument trevor martin convince like minded not different alex jones many white conservative pretend system affect white people minority black fair game stefan keep preach one sided view gain many white admirer share view,0
basset mari well say pro,0
peggy know many fine black woman man like sick tired violence blame thank speak,0
sure michael brown know killer young girl consider homeboy,0
11 00 case present grand jury not return indictment apparently militarize police state gun unarmed teen time involve racist use hide behind white hood hide behind computer screen police badge,1
jerk make story skittle arizona ice tea component lean actual promethazine pharmaceutical drug easy get street level guy quake antebellum period dreamer negro live beneath need realize really not much well statistic would say white well fair white commit violent crime anyone please come white savior,0
05 18 no idea cop moo always think oinked learn something new every day,1
never argue idiot,1
peace need find side stubborn relentless peaceful not go work sit step power day chant concern fear path dark side fear lead anger anger lead hate hate lead suffer yoda,0
ignorance law no excuse 18 242 deprivation right color law,0
gentle giant seem rob store later assault armed police officer much school boy look hope thug life come high price,1
need search youtube actual doctored audio michaelbrown shooting catch change evidence,0
dis ferguson de united state murky retard start violent protest tries pawn police state lie cop arrive,1
lot driver band together collectively beat living shit every one little prick,1
wish joe would go fear factor eat fresh steam pile shit mouth would full not hear worthless cunt speak,1
glad protestor affect many people give public reason hate,1
really hard open fire,1
without badge bitch half fuck police,1
fuck need military police civilian like want bring new gear dress like soldier strut around try look tough,0
dude fuck punk police,1
oh god stefan rap hysterical anyway good news guess know whatshisname douche deserve die preemptive strike make officer darren wilson huzzah another trash take street probably cure disease rather treat symptom though disease ignorance self entitlement community low class get poverty not easy starting point not easy still feasible right amount drive,1
video would interesting stefan take clothe sexy case really not hard understand would cop good record year service shoot teenager hand witness friend lie start protest snowball effect ensue watch video store show brown aggressive hard believe evidence make huge error judgement fight police officer no not,0
idiot,1
deal force,0
mister stefan molyneux mister wilson drive multiple story therefore deserve fair trial wilson law enforcer firm happen would good wilson speak would truly respect officer would talk public seem hide,0
oh god not give whole story give one side half,0
really say trevor martin bring watermelon skittle make lean laugh loud yo white people say aannyythe make bulk people look certain way truth even trevor say no limit night fuck kid say dumb thing time say batman laugh loud sicken make kind excuse not talk second video come year mike brown situation cop say not think important show mike make trade store owner no robbery laugh loud talk corruption police medium withholding information,1
love lady need strong woman like peggy hubbard,0
never racist almost make one course not mean get idea,0
day conservative support confederate flag denie racism criticize black people deem hero white people laugh ass please get white woman black face screen,1
video actually happen simply try smear young man image want rapper stole cigar nothing side video deserve death sentence also release new video officer wilson show no injury show officer wilson not truthful incident perhaps need wait detail post bias video go post video make sure accurate not mention friend criminal state brown give black white witness nothing incident state hand surrender wilson shot,0
question park cruiser front protester thinking_face thinking_face,0
hoax,0
need people like peggy hubbard support mother year common sense,0
brown stepfather pant half way,1
something wrong audio,0
00 hear guy say policeman state 31 year service officer die weapon one shoot execution style whatever fuck officer wilson let 300 pound guy run 150 ft big run fast assume not take 30 40 tell brown freeze shoot way tell,1
relevance marijuana autopsy show entry wound spread body close range spread would tight hit region likely chest area long range spread would disperse see report wound underside arm expose arm raise gesture peace hand empty away body pose plus no powder burn body far away,0
not think somebody deserve die steal cigar fine criminal put legal process humane kill americans treat felon criminal like dog moment commit minor crime like steal cigarette smoke weed no long human not right one rap make bad quality tone not think matter lot people produce rap music consider big rapper always talk smoking weed bitch kill people no surprise brown probably inspire crime brown stealing cigar tell white person go convenience store stole alcohol get shoot not even hour later police would justify police shooting,0
stop criminal not get shoot simple,1
yea fuck store clerk dare try job,1
laugh loud happen greedy rich slime keep mass uneducated ignorant deal stupid create try reason irrational exercise futility get popcorn ready boil fall talk fall walk,1
look like brown suicide cop thing,1
look deeply happen black people not put black people situation black people hope learn history,0
hey shout thai write shirt laugh loud thaipride,0
gal call spot way go ms peggy way go,0
stat represent problem race bait attitude crime oh bet crayon still little innocent boy speak lisp sure sign leave wing democrat,1
people see not even understand say black america good world see people respect race like see much bad,1
add another imbecile bunch reporter incompetent bastard,1
not black many year ago almost shoot police drive friend party even illegal drug use car not even notice cop car behind light go freak pulled panic cop bright light we try desperately hide drug could hear cop tell get car keep try hide drug course see go center console maybe get gun tell loudly stop put hand see get car tell freeze exactly tell not listen would shot likely head not understand anyone would not cop tell say put hand put hand tell step back step back defy person gun threaten shoot color nothing,0
till start advocate parent family black community totally lose,0
thank peggy,0
mari close get isis america,1
point try make black not equal opportunity ferguson suggest city counsel give young black man woman job black black people ferguson treat unfairly law enforcement suggest black community law bide citizen break law less white people cop arrest black citizen fun sport even know true reason black community rioting loot even ask see rioting loot break knoxville young white couple kidnap brutally rap eventually murder black man woman wonder come racism plain stupidity mister brown no angel study fact stay away emotion skin color,0
thank obama,1
intellectual mature approach case black man 32 many old black man prison dead stuck matrix druther struggle no old man guide young male often encounter police without understand deal cop many role model come rapper advocate violence police deer catch headlight potential life death encounter racism not many black people rant hate crime clearly assault store clerk indicate propensity violence wilson stop point finger address problem black teen lack male role model say black people need address alternative deal suspect victim non lethal weaponry deal encounter race start focus solution possible violent encounter alternative see progress police not go protest burn community retaliation police support theory brown product violent environment burn business go solve problem police department counter productive hoax,0
believe photo gentle giant accomplice give gang sign no even brown raise hand surrender maybe realize would blow could get trouble officer wilson adrenaline run high react officer not hesitate would lose life lord know no thing thug go college look angelic professional athlete keep getting arrest crap feed disgust,1
might wrong majority black community not vote would not make sense inequality city government,0
almost floor shave quality cigar con keep sensationalism one comment video perfect well think well put,0
man stuff like really make reconsider world would hitler alive,1
blunt addiction tobacco blunt keep call another play race card,0
not help motherfucker primitive compare white people get frustrate live around white people not compete black africa much self assure not get remind every day not compete multiculturalism not good anybody people throw fit live tax dollar steal white people,1
one must fuck stupid one attack police officer expect get away without response police,1
well society great good michael brown go rail get usher college life athletic scholarship become brown killer like simpson became la find civilly liable know,1
black people like,0
call researcher plan examine fact yet mention bullshit rumor crayon martin ice tea skittle fact speculation victim blame actually stop try pretend yo examine fact,1
awesome,0
video liberal propaganda use divide people fuel chaos ferguson stay tuned trial fact decide evil white people source problem mean straight watch trial no fox news manic,0
black life matter take black ass home nothing black ass,1
france military teach could use lethal weapon use similar equal superior lethal weapon we another defend use superior weapon not never allow think noble french concept,0
feel thirsty violence rather knowledge,0
bad testtube video ever inequality choice white flight via change demographic et remain resident say vote put nominee go city council meeting put grievance councilman et besides supposedly post racial era america race leader matter oh way title ask really cause riot seem account answer town lawbreaker,0
ferguson 2014 protester flip police car new york times,0
10 11 fucking evidence evidence mean fact suspect armed robbery autopsy report evidence show cop innocent god damn,1
internet trolling time high,0
construction worker working area see incident state brown hand raise surrender find interesting witness account limit solely account support minority viewpoint additionally innocent prove guilty mindset simpson charge nicole murder explain shot brown back conveniently omit information witness state brown surrendering except mentioned not see single picture injury sustain police officer brown allegedly beat actually believe picture exist would not medium not say officer action motivate racism say officer probably psychopathic tendency seem type hire police street we great presentation highly hypocritical,1
micheal brown ask get think shoot black racist,0
bad nobody run hmm dumb life matter stay fuck street duh face_with_rolling_eye face_with_rolling_eye,1
think chief problem molyneux great ideal solid worthwhile goal hope share society not seem embrace ethical grey ness human being frustrate nothing approach morality not believe worth listen political strategist require recognize conditional nature human psychology construct systemic guide help incentivize positive culture good philosophy crappy political theory,0
run ignorant fuck world well without,1
let we reverse roll black racist cop rich white community not prove racist white man get pissed intolerable condition unload several clip high caliber ammo point blank range audacity question authority americans need full alert elitist agenda set president question authority elitist upper class problem prison culture via drug cartel export job import cheap labor elitist get bail support corrupt system turn around get past race issue govt incite divide work class hardly call work class govt put everyone work homeless class let we not get western history role big money play clusterfuck design destroy nation destroy point get back ask,1
friend get kill mean burn local home item seem correct,1
not care mike brown bullshit clearly understand youtube guy racist dumb point hold little water full hate lies100,1
mister smerconish sir not journalist no journalist say claim interview object search 15min fame part interview not speak direction want anything try defame person illegal definitively serve time go back school truly obvious not handle word mouth care critical enough authority would wait ton paper show know indeed run stop hand air get shoot multiple time no doubt side happen witness say however investigative journalist go ask people opinion not superior get chair go real reporting shame shame not hire professional,1
brown piece shit world well without,1
many racist comment hate white sometimes,0
link poor little trevor martin little mister brown yes thug tired beat white person ground get shoot effort end story,1
homeland,1
take break basset make much sense debate,0
leave information give police report not ask info lie omission not outright lying omit information stupid lawyer,1
people like guy make america shake head nawamsain no fuck not,0
okay blacklivesmovent thug stop carp want stand murder yet child die get shoot chest want act like plant ape movie excuse black killing black want come cop white people call we name artist name not get try listen law obey law stop shoot innocent people benefit guy kill people need jail,1
touch close idiot people watch comedy report laugh loud,1
dumb ass people run enraged_face,1
think lot black people tired gun violence gang ignorance community want stop yes bad people race get statement talk thing black community people quick say bad people every race say put black want people well care self respectful way,0
point think cop point gun know tell something provoke,0
shoot,1
us land free baby hahahaha people not live we thankful everyday bad country earth,1
anyone else piss end let walk no big deal crap pull no one get pepper spray,1
look dimwit police escort back people hold idiot,1
drive,1
hit nail head black life matter guess not keep kill stupid shit like gang loyalty sell drug instead get education able get ghetto take hat parent raise child value pride one make difference not drug deal gang ranger difference go make one less holiday dinner,0
garbage police kick job pay suppose let shit protester block thousand people could emergency would not surprised see video police like kiss idiotic law enforcement,1
molyneux spread complete information complete garbage,1
michael brown 13th person shoot week we other notice almost share something common,0
cop make money arrest people easy money no take no macing no hurt grab cuff huge safety violation right,0
move thought,0
no indictment move right along,0
stephan thank video take available information account provide reasonable rational breakdown next video could please call truth police brutality militarization police united states thank steve,0
dude sure seem know good bit smoking weed hmm accord clown black man somewhat gang side factual base photo justify murder unarmed human not ok mf er,1
well bring tear gas beanbag round rubber bullet,1
agree protestor,0
wow,0
old mans way try forever well work look,0
879 people dislike video problem man say nothing wrong change not happen not change good thing still number,0
prove block road,0
no time report mister brown approach officer officer engage young man mister brown run away officer report fire flight inconsistent would turn confront cop already hit one bullet might not like black folk not listen spin video give no weight eye witness report video discredit dead young man,0
dear mister stephen molyneux 40 minute bit long 100 right respond fact way vote thumb number 5729 not even blink try thumb must say thing happen fair thank homework hard work obviously spend lot time present case we nice obviously care much country well,0
arrest,0
us navy vet mad respect,0
well damn good,0
thank truth speak innocent,0
basset mari criminal thug psychopath no credibility no humanity need locked jail cell time rubber room straight jacket basset get intellectually dishonest butt community,1
anyone stupid enough stand roadway run die improve gene pool,1
music reference sex drug steal murder et pretty much rap music like,0
info put mike brown nobody bring fact darrin wilson test positive illegal mood alter non prescription steroid post shoot toxicology test one also wonder info give grand jury doubtful,0
everyone say micheal brown deserve treason martin eric garner,0
laugh loud look get,0
muslims black brother sister america,0
black want respect speak act dress like suitable family want treat prejudice speak act dress like know gangster steal thing act like street,1
bulk life matter bullshit witch call bullshit black people kill five period newark no call bullshit,1
respect,0
back africa still thing seem like really not like not work maybe turn continent around,1
agree vista 100,0
dumb fuck screw fellow citizen instead protest police man_facepalming,1
cop need look video start arrest people,0
mike browns father not buy get catch video say burn bitch refer ferguson dude interview thug not give air time,1
hope next video entitle truth ferguson police department ferguson riot thank usual quality research two issue match gasoline riot control otherwise peaceful protestor homeowner refuse go inside member press clear symptom something normal small town police sanford police similar protest include loot resist escalation,0
tax dollar get spanking new cop car pensive_face,0
518 urban youth could not handle truth present video,0
protest convert riot majority people wanted not fool politician play serious game common man take care everyone save humanity peace,0
ridiculous liberal tripe mean divide we along race class barrier even black refuse use word african american oppress local government community band together vote vote black live democratic republic sorry argument nothing excuse criminal stat result large black community 68 black really need stop listen democrat preach not win deck stack oppressive lifestyle never rise current condition cle liberal excuse not color skin overall presentation,0
guy monster get deserve color not matter anyone attack guy gun go get shoot stupid illegal act try hurt someone get blast give cop raise,1
get fire keep fire truck blast water jet would get,1
protestor work live get time,0
blacklivesmatter build deceit lie,1
injury cop get treat,0
look people black life matter like white life mike browns life lawfully end police officer assault mike brown suspect aka mister brown football player 6 ft inch not mention high marijuana officer 11 inch armed baton gun tell mister brown put hand witch evidence shows not shoot assault officer say well not officer well unless police officer not say officer something stupid do something else officer attack man much large not time stop think hmm maybe not defend maybe let kill,0
hahahahaha molyneux recite rap lyric intense,0
deserve kill smoke weed like fight throw gang sign allegedly steal cigar,0
step stateless society discussion existence cop useless know cop protect state corporation take decision existence people two second waw,0
people fuck america american fucking hate,1
fuck stupid ass generation i d like apologize generation agree people right protest speak et love god not mess people not anything get petition sign write government get fuck everyone day,1
yes course go college money come per majority negros drop half way semester,0
well honest black people ever know,0
magic hamster drink lot lean never hear anyone use skittle lean jolly rancher ideal candy use not magic hamster not doubt someone use skittle lean want point houston lean quote unquote create magic hamster prefer use jolly rancher lean,0
god bless lady wish people like intelligence god bless little girl lose life thug sad not single one animal care black life matter ass innocent life matter,0
not police job arrest idiot block public road ridiculous people arrest run stupid not freeway,1
no talk get fucker road period would run let sue,1
09 plain simple truth,0
step agree fact case grey however realize cop getting catch act unjustified violence daily basis getting catch video write narrative brutality thuggery public not tolerate long police brutality record police dangerous necessary,0
not interview constitution worker catch tape say shot hand,0
think indecent unessacerry event one person shoot mister brown steal something not entirely police officer fault,0
comment fuck ridiculous seeing video year know hand not shoot bullshit still tragedy let we not keep exploit man death no good come anyway shape form,1
plow get way,1
act like animal get treat like animal,1
not life understand people think mike brown martyr man criminal black people criminal absolutely not white criminal hispanic criminal betcha situation exactly race reverse would not issue,1
run,1
bad riot shotgun not load live round,1
live st louis scary,0
one race human race,0
always mister molyneux excellent video,0
cop need give wide latitude self defense consider threat face incapacitate high chance execute dam gun none seem care shit,1
thinking get bunch fact lean not make skittle ice tea wilson not know robbery video bunch poppy cock thank waste time,1
100 agree people arm need find information rioting think get high drug rob store carelessly walk middle street scream cop attack reach gun unarmed not mention size either people gullible find funny race racist black racist white every single time someone racist black person everyone throw hand get piss white people not racist person not want sit everyone believe white people racist people happen past make sick think grow generation,0
shoot first ask question later hahahahahaha,1
22 piece shit no business wear even cop uniform,1
bad weapon not discharge,1
fact michael brown 18 legal adult robbing store time assault someone store assault cop assault cop mostly likely go get shot racist,0
us justice department audit ferguson police department find 180 count excessive use police force african americans 2009 2014 addition find email contain discriminatory language department computer federal government pursue criminal case ferguson police department wonder bob mccullough try defend one,0
go girl listen twice retreat twice first gateway pungent second youtube god bless ms hubbard god speed,0
hey look like pussy,1
think mexican,0
tear gas ban geneva convention really stupid cunt also assault man early day assault police officer violent felony add big thug tell say unarmed not shoot fucker try take cop gun already tell would outrage thug kill cop double standard one say different stupid two,1
basset mari terrorist part isis,1
come call black african americans not european american white,0
race much news article get no national medium attention last week,0
not believe people really believe lead kind revolution,0
propaganda part people let hear ferguson,0
get pay protest ask protest no idea flow along mean would run fuck system we not arrest drive arrest fuck system america ok voice right no right block traffic,1
laugh ass read dude rap good part,0
warning round gatle gun clear freeway instant,1
think fall love,0
good job determining occur brown kill however occur not simple matter racism police abuse anything mention question everything pull back curtain see wizard illusion one life energy sacred turn peace love appreciation,0
peggy watch life leadership revolution video people smart good mentor really think research training would great leader keep great work,0
understand point black life matter block traffic like like go people need go place hospital family work et plane stupid,1
mari total idiot not know evidence come conclusion instead clue not attack cop try take gun rush finally get car not get shoot duh would mari take brown icecream beating ground not defend way browns momma gamma violently assault people sell shirt memory brown put two people hospital steal money trash shop probably charge know sort mentality brown raise thug want cause death,1
wait area majority african americans not make since majority people pull search arrest area would african american well,0
people would obey law like normal human being would never happen winner,0
good quality,0
say sound spit arab expression,0
pathetic pseudo philosophy vile little man,1
crazy everyone like video actually watch video 38 minute video 39 minute long laugh loud,0
people know ground say people ferguson say not black white thing cop step boundary say protest daylight peaceful tailgate like cop come military like overreact,0
man good fight back hope minority not get rain national guard look weapon act like war,0
love every thug deserve slug,1
gentle gentle giant,0
cruel mom,0
michael smerconish little bitch like subtly try insult guy guy laugh really show low stoop garbage hole become piece ass suck work michael smerconish guess no wonder home not watch crap news network,1
people road goddamn kid,0
imply ferguson black elect appoint official white mean majority people ferguson not represent mostly black population would not happen vote support white official median income lower mo we whole population mostly black statistic,0
guess get away since label title police title label low life thug addict guess behind bar shake head,0
good commentary perceptive fair,0
truth deliver courage conviction not political correctness reach heart mind honest productive hard work people lady say like,0
mme year already still moronic bullshit go shit ass country,1
america days come end emigration rate multiplying year mostly wealthy individual poor unskilled flood unchecked goodbye america good run,0
freak go girl,0
act like gentleman treat like gentleman someone not act like gentleman,0
michael brown rob store assault store owner fight police officer darren wilson police window go officer gun shot kill brown not shirt say not armed happen criminal activity regardless color skin lunch mob mentality not get way public pressure fact support brown activity day wonder brown want death suicide cop family could sue,1
oh god start rap lost laugh ass,0
wish much type protester come would arrest fine teach law,0
people say black play victim accord comment fault elect official racist white good thing go missouri racist white folk point finger take punk bitch power go back racism deport everyone else,1
someone take one team plow right,1
thank speak problem black community,0
awesome job peggy thank tell truth westandwithpeggyhubbard,0
find insane black people always play racist card every single little issue coincidental white black situation case race nothing also say want justice go around destroy private property looting shop right mind would ask justice rob destroy people lively hood time though black community think perfectly acceptable black person kill white cop cop follow procedure defend self potential fatal attack get angry yes black guy might not firearm could easily knife something value black people white law enforcement officer life equal understand officer defend self attack yes attack,1
milk see would cry,0
hah 37 big old fucking make censor,0
remember loot steal black purely gain free good name mike brown yea right excuse steal pure simple good concise introspective stefan folk live grievance follow perfectly white guilt segment keep rollin,1
need able call people gun can citizen completely disarm north hollywood bank heist would much short city people not strip 2nd amendment right,1
lady first guest speaker al sharpen rally seriously,0
25 laugh fucking ass,0
police brutality affect everyone not black issue make black issue people not black tend stop listen end racial profiling police not fuck everyone police not care color not policeman fuck look youtube notice brutality not discriminate stop racial bullshit want cop finally hold accountable powertripping action need realize play whole black black black card make people not black feel less sympathetic every race issue,1
wow think go buy bullet proof vest shit black like everybody try shoot,1
police officer wear camera lapel issue would open shut case,0
stefan fan rep river,0
anna dumb ass joe organ no clue say anna go porn something leave job one intelligent,1
run stupid ass stupid enough stand middle freeway,1
white supremacy well,1
go back period big mouth moron,1
fuck commie not even know happen,1
hmm maybe depth subject comment section nope bunch degenerate,1
moron talk peaceful burn nation flag idiot even though suppose old no knowledge baby make noise,1
excellent would medium slave we wait speak get lose next tragedy travesty happening go since thee origin we nobody free thee illusion real thee struggle experience collision experiment psychological warfare attrition type always aware bait not allow create shelter shelter,0
great footage wish news caster would shut minute police officer start talk let play would much interesting hearing comment,0
sure people protest actually protest believe people take advantage sad situation cause much chaos damage hurt community,0
oh politician style oratory peggy hubbard one short video ring message loud clear listen ok england thankfully not gun culture see enough american scene time know peggy drop hang wringing crap tell word write post white house maybe someone would listen act,0
fun fact not live ammo gun rubber slug,0
11 21 laugh ass not agree riot violent protest good stuff,0
mass need education,1
pepper spray cunt run,1
patient ever ambulance get injure worse not make hospital protestor liable die protestor charge man slaughter,1
police not try shoot leg arm body part immobilize someone every time officer fire weapon use deadly force train aim center mass not part body,0
one good breakdown see yet need slow think act thing,0
guy little biased sure maybe bring fact laser use could avoid forensic tell truly happen highly doubt mike brown need shoot six time call back no one say cop hero handle two kid especially act aggressively say cop completely right racist stefan come crazy cop hold high standard first cop mistake not call backup second try get door right kid laugh loud not remember training get space handle situation well uncle cop tell also laser first move mike charge even pursue block away wait back,0
oh god fuck love arab guy wise word seriously someone open eye world see thing rare world today big fucking amen guy wake fuck america,1
nothing hypocritical movement claim support black block probably hundred black try get job feed god damn family,0
work poor white fear kid would profile like whole life get search every time get stop no record love fucking hope well kid,0
testtube please explain black get stop search white white get make 29 population get search time black make 67 population get search 12 time pretty obvious white likely get search want explain find someone team actually remember basic grade school math could go wrong video seem already explain other seriously enjoy watch channel bias strong one almost make want unsubscribe,0
hell care people peacefully protest police feel threaten go act say blow fucker face follow riot,1
oh god dumb protester prevent cop job whine really really hate people protest like edit look ugly ass black girl big eye,1
one thing think people forget riot ferguson human combat mind wrap race not focus enough people,0
remember michael brown young teen boy happened build like linebacker rob convenience store pillar community,0
understand committed robbery offense deserve die put jail not end life crayon martin go buy skittle not deserve death either totally biased white would label troubled teenager peer pressured commit crime,0
cop moo people begin,0
man step spit fire hot enough make dylan jealous 12 26 13 34,0
michael brown asian name would not muffin wong,1
fucking fuck not even defend properly joke,1
ignorant,0
idiot reporter survey percent black involve follow gang activity shoplift car jack robbery robbery assault teenage pregnancy,1
moly love cop witness also not aware riot also decade police violence repression area also ignorant effect marijuana,0
every time interview person notice ghetto clearly see education preschooler ever protest incredible stupid stuff dr martin luther king jr would disappoint respect ignorant black people like always ruin thing say not anything always victim wake stupid guy not one make america look stupid,1
not tell racist cop dumb guy mess cop hate make michael brown seem like holy man not not make right kill confuse,0
wonder big crater thug brown make street meet final shot melon get sew bum truth fact not shit kitchen get right direction toilet,1
michael brown get ask black protestor racist white happen,1
always good moderate understanding see woman scrub screw black life matter movement hope die,1
anyone tell racist white man shoot black man not racist black man shoot white man case turn instantly racist one make no sense,0
national guard call hint riot national guard really spook rioter,0
not give fuck protest not block fuck traffic cunt piss everyone else day honestly cunt law intentionally block traffic driver reserve right run fuck quicken darwinism process anyway,1
not want justice see mob mentality action guilty no matter grand jury say no matter evidence say let we hang near tree officer right need learn speak proper english get job big race white crowd would jail,1
racial profiling police intimidation rob store get kill result fuck excuse man black people not get arrest commit strong arm robbery black people get violent not fear getting put like animal actually say not worry warrant laugh loud fucking piece human garbage,1
look ready cut head must isis sympathizer go say maybe care issue hand 95 want go loot store fuck shit,1
450 people get kill cop we every year cop would kill many country would street protest no matter dead man white black comment many white people not give fuck dead black man not get every unnecessary dead mater,1
fuck medium basset right find something real investigate exaggerate want view money fuck selfish fuck people disgusting not know bare nasty self,1
keep let real people get front camera truth tell pure form,0
not protest,0
news fucktard puppet player pay liar,1
agree report certainly think event go ferguson need investigate statistic support target particular race number stop search certainly explain away fact population region particular race give great opportunity someone stop likely go race think analysis would need conduct make collation not say race not factor say statistic misleading need consider thoughtfully state support statement,0
moral story not reach cop gun probably go get shoot white black,0
hey last week kansas city mo black man snuck retirement housing break house beat 80 year old couple death go outside attempt hot wire antique car three neighbor come town house mister howell afro american take 12 gauge shot gun execute blow head one armed know felon get previous murder charge could not find young girl body old white people caucasians al sharpen jesse jackson,1
sue time wast,0
spin way want could thug police officer would not know either way unless previous offense remember not not weapon police train not shoot six time fact never truly know fact go sign petition police officer wear camera chest no debate seem threaten,0
thumb up video clarify joe organ commentary not ignorance ana spew not mean ignorant necessarily disparaging mean not really understand situation,0
would walk right past cop pepper spray boy not wait free pass beat protester ass,1
people say cop justify new video witness say mister brown hand,0
check tube post black man go epic rant ferguson rioter although message deliver childish cartoon sort emotion one african american get,1
41 demo big ass gun face_with_tears_of_joy loudly_crying_face,1
us job fuck loser get way,1
since know never hold hand anyone raise hand show police ferguson racist scumbag watch count lot racist scumbag,1
time would want see sniper bush start pick one one,1
every time not agree police go go burn everything no relation not agree call protest people fuck stupid de evolve,1
police car far away body officer really good shot assault wake believe delude start point medium portray gentle giant goes use similar tactic discredit mb ref pot make rap music guy make dad would leave town ever,0
agree time race war,1
sad watch youtube video get non biased report go ferguson thank,0
no state no cop no cop no shoot state problem right anarchy capitalist like stefan agree nonsense,0
say night way many time,0
racist fuck god please bless america,1
focus roll blunt not happen much like non criminal type criminal type also smoke pot pot absolutely nothing fact walk not drive important bring pot relative intel yes criminal tendency smoke pot criminal also tend smoke cigarette drink,0
white weak,1
statement think ali sheep butt fucker mari take go fight syria,1
useless cop talk protester instead break head,1
integration black people school business bank integration lose every thing,1
useless people stand middle road scream useless shit,1
ugly truth talk like thug act like thug walk like thug live like thug die like thug live sword die sword not hate player hate game not innocent little child walking street get shoot back not blame parent must look individual case adult kind music listen kind video view role model environment affect enabler associate importantly accountable action unfortunately day choose wrong pathway fate not rob store call shoplifting heck might well call borrow without permission not first crime probably many unrecorded not catch negative action mike brown mb not assault another human without consequence say play no big deal childish get real folk riot loot attack threat nothing mb culture feel entitled use excuse propaganda find excuse commit crime name no justice no peace hand not shoot please culture need stop pant ground pant ground look like fool pant ground hat turn sideways gold mouth look like fool pant ground let say not race not lack justice justice naturally street usually end tragedy result immature no respect thug believe could use size intimidate probably school know street real parent around would not call mb childish not childish behavior behavior felonious criminal frank would probably cost life elsewhere different time real parent would state son wrong store clerk fact evidence show son assault officer pose threat go officer shot fire may son rest peace action not condone consequence due choice action unconditionally love son however also forgive officer apologize store clerk hope family people move learn action live dictate consequence positive negative would also like support alternate method event happen use non lethal weapon rubber bullet laser mace et truly support change no silence no violence no sugar coat human race need accountable say lastly officer racist shoot mb without rhyme reason fact target mb black decide gun mb back front even though surrender peacefully hand raise would side mb support unfortunately evidence thus far not support paragraph question would still reaction officer female question would still reaction officer black african american question would still reaction mike brown gun peer race question would still reaction mike brown white question would still end result death mike brown productive home work school running street people nothing world dangerous sincere ignorance conscientious stupidity martin luther king jr think safe say live dangerous time simple fact prove martin luther king jr quote unfortunately come race support lose people cry wolf please report,1
want shoot hardly wait till one kid get trouble police get kill,1
make damn angry worthless thug get shoot protest animal loot tear shit neighborhood everyone think black community fuck fuck,1
shut fuck muslim piece shit cop fire ten round ass well still let we cut head pour pig blood throat willing bet dirty islamic bastard set fire not even black,1
want know shoot back front pretty much tell story shoot back none rest matter,0
christians rock,0
michael brown home angel street devil no altar boy death,0
peggy tip hat,0
death ti white devil,1
shoot apprehend easier say do evidence present michael brown still attack darren shoot twice people misconception like movie one gun shoot anywhere body disable attacker false belief case people still attack run shot time god sake 50 cent shot time alive attack 200 something pound person back hard say go shoot apprehend michael brown conduct like gentleman would not happen aggressive piece shit muslim shit head not well fill rage not answer anything progression come tolerance not violence,1
crummy herr laughing loud come,0
love peggy,0
not want son death vain let we burn bitch stupid fuck destroy livelihood peaceful protest fuck ass,1
think deal situation driver working thing come get car getting driver stop car come clean road self justice something support irrationally rationally,1
agree joe cop extremely difficult job not many qualified handle yes lot good cop however intelligent unplugged matrix joe always claim seem completely unaware ignore reality country corrupt prison industrial complex tie fail judicial system well racial agenda behind police brutality,1
something wrong voice,0
brave woman bring tear eye,0
good anchor ever see,0
michael brown not positively identify assailant store suppose robbery darren wilson not aware robbery time encounter clearly racist unsubscribing,0
since start give fuck joe organ say anything not use make people eat bug shit social commentator come fuck,1
fuck not guy get mug iphone ferguson video hilarious,0
move tape arrest,0
okay literal fuck skittle tea lean,1
mother tell thing god bless woman,0
californians deserve backup since elect people allow happen without consequence tried live would shot ruin,1
stupid nigger,1
know bad late work shot kill,1
watch video step mention 21 15 know truth fucking evidence need start 03 happen whole thing start car kid run cop run kid turn around charge cop cop freak fuck start shooting kid come come cop eventually get hit head end,1
drug,0
one thug name brown rush cop frown six bullet later meet creator homie burn town,1
would really love see car snow plow drive straight protester,1
childish cop sleep night,0
white person always think everyone treat fairly bum create bunch bull threaten life other make hard cop take bad guy maybe not draw weapon fast enough kill spirit hero kill spirit not put 110 enough comply no rush burn house type thing bad cop neighborhood gang neighborhood heat take embolden not spirit life matter form racism bum cause feel black life not matter peggy give hope still hope still intelligence black community maybe still live together one less white guy willing join ok peggy not bum,1
hey organ tell good cop put bad one jail,0
stage event fake riot divide conquer fake news,0
kajieme powell shoot video disturb many reason link video mention,0
arab piece shit act like get harass parent store yet act like get treat like black people laugh loud people steal store moron piece shit,1
not shoot tear gas professional soldier member public country absolutely fine,1
arab dude absolutely right not shoot extra time shoot attack would stop attack shoot twice still attack six time shoot kill opinion,0
rocket launcher take care lightly armored vehicle laugh loud,1
perhaps start teach black law education important instead treat special snowflake,1
white guy really concerned plight black community doubt spend time hang around black guy community see world react react world not time either secondly think anyone even hope drug charge feel gunshot first flee shooter kind fantasy live must think black shit anything survival mechanism world would not police officer right thing give we comfort life want believe cop story another story cop get start cop harassment type antic cop kid give 18 year old fat fuck think whip everybody ass sass hit kid door dumb ass kid instead pass get officer fire pay dollar injury push door back officer grab neck scuffle incur kid fire punch grill black guy hit pretty hard see boxing cop see red open fire kid run 15 foot far ass get body remind fat ass not sprinter maybe shot starting set want negotiate cop execute lawful maybe story make sense,1
completely idiot minute fame,1
awesome job law enforcement send disrupt tear islamic extremist radicals america thank,1
black man say need black life matter message need not either,0
understand anger war not answer,0
think nit upset white people much black people get shoot police every day would ignorant fuck racism nit problem militarize police see police culture sick disrespect police black man use violence good bet logical america fight back despite color skin go surgeon next time bring gun shoot back,1
much good datum wish present without speculation marijuana blunt emphasis rap lyric youtube video know friend could not ever hurt anyone guilty see video saw take cigar shove guy way no reason try bring culturally normative thing admittedly ridiculous not indicate actual violence include rap lyric often complete bull otherwise do amazing job collect wide range fact put together generally great presentation thank 99 greatly appreciate fear much good material dismiss due emphasis item admit really not mean anything,0
people ferguson loot thing government care economy fuck make effort stop crooked cop,1
good,0
molyneux sir dumb smart guy ever researcher research entire history blackmun america understand thing way detach reality comical,1
oh man thug life type hilarious seriously fuck riot look take three dollar pocket knife back pawnshop pull pant stop play backtrack 80 sedan rim cost car sit ass back office belong criminal life not,1
guy love guy spend 10 minute tell roll blunt,0
people sick man speak truth mad try justify young boy nothing shot kill shake head devil disease earth glad sun burn asse extinction planet back half animal half devil cave beast,1
no racism equally worthless full metal jacket,0
gun use rubber bullet stupid russian news channel,1
liberal nonsense,1
body cam also air police run day day not cop screw,0
08 10 mask though,0
confederation ill back,0
let we steal convenience store let we go punch cop face get shoot time let we get black people white apologist run around street set building fire fuck dirty gutter rat live welfare cause violence look rest black people live dirtie ebola plague ride continent lucky white country come cure dumb ass,1
fuck mo kansas city,1
legal system inherently racist reporter,1
wonder would twist slavery truth 400 year slavery one sided bet fox news pay record,0
right loot right private property right destroy public property play victim card nothing change,0
not taker,0
mister browns side oh dead,0
amen tell like sister aman,0
crazy thing think office never anything want random people,0
watch zimmerman case video full shit smell hate seep bring rap music listen sound cloud nothing make character look foolish dangerous possible ever want respond fuck well go much effort destroy mike brown character bring smoking habit nothing get shoot tone perfectly choose word use really make brown look like unstable look much detail go thu slay brown character,1
god narrator annoying lisp,0
law enforcement not train shoot apprehend train shoot kill thank wilson kill punk bitch,1
johnathan gentry november 24 59pm no winner loser case heart prayer go michael brown family darren wilson family current leader seek make racial issue try divide country worker satan,0
mike brown criminal thug fuck,1
yes right white shot black hell break lose black shot black no protest maybe start protest black shooting black buy story,1
laugh loud crayon online name nolimitnigga people get mad piece human trash like get shoot,1
war 400 year please war start three quarter million americans die stop bitch,1
man zionist jew look see newness face employ zionist sympathizer no con racist wolf blitz employee,1
anyone know irradiating commercial strawberry seed mine not germinate,0
call anarchist defend cop shoot unarmed civilian highly disappointed beginning video refer square not know blunt much bad stefan incredibly touch evidence complete ignorance towards black hip hop culture slang start smoke blunt listen hip hop would likely gain enlighten understand life like low class america,0
plenty white people care exact view woman deem racist stop care,0
guess never do anything wrong life accord analysis police right shoot six time make sure dead already dead proud officer tell everything hope child,0
protester suck,1
maybe not know exact story understand suppose case grow man shoot kid not suppose racial guy let hate whether anti black anti white seem forget go police officer shoot innocent kid want justice not fuck race moment pick race side become fuck joke not give rat ass many black kill white vice verse want know fuck police officer walk free empty motherfucke gun child,1
hilarious seeing moron get hit car,1
comment nothing topic video someone please set stefan rap actual beat would epic,0
manner ball bey not thug work fedex not house serve warrant not video brandish gun shoot back illegal us police officer st louis pd not release datum know shot kill error ball bey no criminal record hubbard illegal go national slandering ball bey son frankly would sue,0
fuck dumb attention whore cause problem,1
not brown daily killing non white white cop reality,0
could not help laugh start recite rap lyric good,0
bitch talk people like dylan roof james holmes jared laughter jehad miller tim mcveigh jared laughter jim david admission paul hill scott order frazier glen miller jr elliot rodger buford furrow john house et right,1
freak 2014 people still racist police still awful,1
dirty mongrel,1
black life splatter,1
experience racism side racist white,0
arrest block highway want protest somewhere else,0
would satisfy someone throw molotov middle group,1
mrs hubbard get pamela golden die needlessly,0
obstruct interstate commerce federal felony offense cop useless bum democrats modern version racist terroristic ok also create not protester rioter driver first row car wimp imagine die ambulance stop traffic jam miles long,1
not muffin,0
nicely do,0
not stop revolution well year would say do pretty good job far,0
truck foghorn,0
not county go back middle east county,1
no dumber people earth american,1
run,1
great,0
love rap section,0
tell break law block interstate traffic let get hit vehicle tell leave not driver vehicle not charge injury incur bill retards standing street,1
darren wilson stand trial prove act self defense jury open court law george zimmerman michael dunn could not grand jury operate secret not trust no government trust operate secret,0
guess suck construction worker show prove entire video wrong,1
criminal kid get shoot police almost everyday plus mike brown bad criminal record start fight,0
us government kill population,1
parent one kid fail one job parent not raise cunt,1
guess misread joe ever see anyone put place swiftly eloquently not even sure realize,0
live final day go get bad,0
run black cunt,1
leave video sometimes truth hurt thank post video,0
black,1
not let elite divide conquer tactic work want keep we racially divide never rise,1
thus collapse we two possibility consider whereby one boil dictatorship evil reprisal possibility may new reconstruction people fundamentally conscious responsibility attain government really everything bring effective valuable new start whether actually occur currently extremely questionable presently totalitarian manner everything direct towards interest economic military political cultural well towards strict fundamentalist religious sectarian base enormous lie devious misanthropic criminal felonious machination every imaginable regard also mean population we spy upon secret service even severely within neighborhood forth every possible manner restrict freedom addition violence emerge form openly covertly,0
thank right black people go vote 100 democrat year race bait democrats rally base shake head,0
sad god still control know tired michael darren wrong right god know let last judge,0
fuck douche bag,1
go viral already view 100 00 police we,0
joke,1
find channel one fan already thank kid excellent,0
flat racist say one race not represent another equally majority black vote white people mean black voted not vote good interest elect white official not represent black voter put office,0
thank finally powerful voice truth black community 93 black killing perpetrate black part even black murder non black not direct innocent black citizen rather drug gang relate donald trump star parker hope aware peggy hubbard comment address issue honestly need seat table ms hubbard trump campaign administration race monger like obama eric holder pesos reid jessie jackson al sharpen nap congressional black caucus congressional democrats ethnicity level government mainstream medium conspire last 50 year turn viable black community government dependent ghetto knowingly advance false narrative systemic white conservative racism perhaps great accomplishment destruction black nuclear family seventy two percent black child bear single mother get married limit number child obama progressive gladly extort taxpayer money take care illegitimate child exchange guarantee vote keep power master plan policy insure generation newly create disaffect dysfunctional adult necessarily become democratic voter race hustler mention react way black black killing could go neighborhood power wipe gang minimize drug use give community real hope change never happen need black community dependent feel hopeless order maintain power control live good life back people deceive thinking care think purveyor lie damn lie could not make race issue past 40 year would get real job like rest we,0
thank voice sanity black community peggy,0
guy hire idiot,1
bored stupid kid,1
run everyone,1
sure avoid get guy taxi cab,0
upset court ruling upset close whole freeway go main airline ticket america freedom speech active right,0
scroll comment see bunch racist comment look trump supporter sits patiently hate ok seriously lot people say wrong say yes kind people say black think african american people innocent nothing wrong,0
united shits america collapse good,1
great video although wish would focused shit police thing keep rioter supporter complete idiot,1
think kill,1
not dude get knock phone steal ferguson,0
via agent provocateur operative kick start riot new american civil war not african american rehearse ebonic transparent,0
also love show picture brown angel not tug,1
say 13 minute could easily rap call duty white kid play way pretty sure eminem sum white lyric go racism,0
mike browns father make say bullshit,1
dear peggy please mother run president,0
actually shout fire crowd theater christopher kitchen demonstrate talk free speech look interviewee correct cop serve public not way around consistent serve public police department represent public race ethnicity rank hire bunch big tough black guy police department few black shoot death puny white guy feel humiliate get bitch slap teenager,1
everyone want next milk issue not problem we anymore require another milk,0
guy idiot well lose already bozo,1
man intelligence average black man not comprehend like dog try figure man make house,1
real strong black woman not afraid speak truth,0
white racist always comment section glad white exterminate another 100 year no white peace earth,1
corrupt police harm not safe defend self fight back shoot dead get ready catalyst fact city town government us catalyst pot boil many year generation bring equalizer door step also purge feel effect,1
rob store big man play fire get burn police job,0
stuff like one reason people associate violence danger black people,1
ram prick,1
youtube com watch 6yfbbt6dvhg research not come across information white construction worker witness mike brown shoot hand,0
tell fact steal swisher sweet value life admit racist quit bunch faggot bitch,1
people see mississippi burn way many damn time,0
good one stefan,0
run,1
update apologize fair report,0
kid would beat shit,1
someone say way black people behave no wonder ferguson shitty place black people we fuck lazy say countless example life grandmother get black house nurse bitch nothing day grandmother complain agency send different woman not black clean entire house hour mom work hospital nurse black co worker constantly nothing lazy not black people like one good friend black like like brother fuck expect get everything want ancestor slave well hitler kill ancestor see sag pant cry like stupid bitch like stupid black people inequality representation probably black people generally lazy lack skill require hold position household income tie previous point lazy lacking skill low income job dropout rate school need take black people ferguson hold high pay job not even graduate fuck high school 80 bad healthcare tie low income money well doctor inequality enforcement give one completely unfair however look black officer frisk mostly black people well hmm interesting maybe,1
night love victim situation separate black people need,1
40 someone get milk,0
dumb mf,1
basically talk black life matter guess loot rioting take place asshole whose rob drug community hit point believe police brutality want reform know racism also know nobody go take fucking second look black right till black people take stand self destruction,0
need shoot racist fucktard,1
hope god guy still not fall old banana tailpipe bullshit news give,1
please slow not tell speed ms sully talk really quickly great video great information little fast,0
know crazy actually come across video bitching try learn knew look familiar take time look mike browns personal profile specifically soundcloud think guilty represent wrong light maybe steal still not deserve die fact white people like continue insinuate ridiculous show clear lack empathy sympathy seem like animal think especially offensive look back video year later hip hop rob black culture big thing medium still not understand perspective say crayon martin make lean video show ignorant truly well sprite santa carbonate drink use make lean not tea,1
obviously rap not crime face indicative poor character aesop rock rap not rap murder people beat shit people fun rap stuff stuff speak volumes character want perceive world absolutely relevant,0
peggy love video use stand black life matter use excuse get away crime know lot good black would like voice hear voice silence nationwide uproar black life matter afraid say something could next victim,0
word provocateur,0
least favorite test tube video far,0
couple thing miss side argument firstly yes guy dead dead crime scene course not cover body secondly officer seems not call incident base multiple source odd addition make no excuse strong armed robbery not understand money weed need rob cigar regardless not excuse get shot street even ignore eyewitness account assume lie shot blatantly excessive lastly admit rap not law mention rap not law thing come close smoking marijuana course legal state get fight teenager always,0
protester throw stuff reporter,0
run,1
run,1
shocking truth come light,0
12 28 someone please turn auto tune rap song stefan molyneux please,0
awesome woman,0
major difference zimmerman case one shooter zimmerman name not withhold take custody news medium able document zimmerman injury immediately case handle horribly lack immediate transparency even everything true po question cover also community history police abuse miss video allege abuse occur response media peaceful protester also show complete lack understand escalation unlike authority deal potential zimmerman loot riots pd case attack protester rather station near loot target protect business criminal always take opportunity distraction like storm blackout protest loot authority know know great propaganda protester see loot rather pd fail protect business also illustrate 2nd amendment valuable business owner depend pd protection get loot business owner depend right bear arm not loot,0
tip hat class lady well speak,0
people not realize block road piss people not get people onto side,0
alright entire case crap people say white people racist call bad name racist would like call we extensive investigation prove boy death self defense however not defend whole ok thing defend helpless citizen ferguson boy died not care white black care people ferguson treat town really cared incident would hold memorial express feeling not help get justice really matter boy dead something do grand jury decide,0
not like generalization use rant main point right chris rock say good black people nigger night morn killer get gun street black person mourn loss innocent human life little girl get murder base comment black night ratio drop,1
hear billionaire fund organized riot fuck suck joke,1
whether right wrong michael brown case nothing leave wing policy please stop conflate issue,0
show violent protest,0
peggy hubbard president 2016,0
believe whatever want believe not care say basset mari idiot,1
holy shit thought crayon martin supporter imbecile michael brown clown must dope,1
95 policing problem protest cause black criminal let we not forget blame address elephant room,1
ah love country,0
vile cunt,1
tear gas geneva convention hahahahahahahah,1
agree say not trust police not arrest crooked pedophile protect treasonous politician thing military people,1
blacklivesdontmatter,1
house guy going far tell bad go happen bad going benefit not care much money ellen well like rest careful put put russia careful kid,0
obama say exactly lady say instead defend thug clean language however,1
stefan excellent obviously well understand event surround unfortunate event president call unfortunate officer wilson life destroy job fear police hesitate find rapidly grow situation thank depth honest dissertation tom keller seek help go back school get drug,1
oh god put tell truth hard true,0
man stefan,0
people would take step back not make case not anyone except two people situation lump mess take matter hand make kind protest selfish without rational thought investigation guy video heavily emotional hyped want hear get hear press never reasonable discussion kudo smerconish keeping level whole time let mari make fool dare tear city protest make dishonor entire incident hate way since police brutality become epidemic wish everyone would stop pretend like know exactly go no measurable amount people honestly witness incident none we clue way whole issue swing grand jury inform trust majority rule right course action let also thank 99 99 police officer america actually serve protect even bit jerk pull respect job know someone many people go pout hold accountable action people hate police need officer two around emergency,0
pepper spray create dangerous situation motorist get put jail not peaceful protest infringe upon citizen right move freely not due blockade call protestor create dangerous situation,0
stefan molyneux not give rounded view simply want use old tired ploy discredit michael brown no sane person would believe officer wilson perfect angelic white man no person exist not privy questionable characteristic cop rest assure human nature spite brown smoking weed steal blunt even rap bitch gun et not justify someone unarmed shoot many time desensitize culture hip hop white people also monetarily benefit,0
burn tear gas pepper spray,0
smirconnish even hand guy world guy mari idiot,1
not understand black community want rally behind want thug video guy robbing store come would thought protester would gone home michael brown turd crowd full racist hate white community,1
right finally sane opinion event black bastard ignorant run around yell looting carry like la riot old shit,1
real criminal wall street guy steal money inmate every penitentiary every dream steal,1
see bunch ignorant fuck try hard turn racial thing never racial thing start self defense plane simple attack cop ass go get shoot,1
sure totally look factual evidence trial like special treatment hey know go happen not,1
peggy hero,0
god bless police,0
shit serve medium concoct story white cop kill innocent black teenager bullshit get black community arm burn shit story useless talking head get front camera least week see black white crime report news no national attention no federal involvement fuck black man need stand father stop look excuse fuck,1
teen face life prison pot brownie 90 year old man get arrest feed poor police officer set free no charge whatsoever kill teenager not people see wrong,0
molyneux tee de need,0
accelerate go fast enough no one able film plate time,1
we police logic shit brick shoot quick call army nuke,1
yep muslim bitch,1
fuck brain dead let nazi police scum bag take,1
tree tote hilary grip revolutionary regular poster afro punk seventeen massive corporate sponsor revolution start sponsor follow mufti national corporations ha ha ha virtue signal satire practically write,0
blood street worry word get tired way mainstream medium treat we like idiot follow condescend irrelevant distracting disparage narrative step,0
focus happen officer confront brown lead death nothing else matter focus,0
find satisfying reason,1
section lady gentleman see black people misbehave wonder would happen everyone riot court decision not go way,1
real black leadership real revolutionary radicalism,0
white move ferguson let we see nice become east st louis detroit baltimore thing happen look city,1
buy ak47 shoot we cop,1
inanimate object police car resilient get completely flip set fire,0
black cop kill white kid black kid kill white cop anyone riot protest engage national news no race not mention either circumstance think ask question answer honestly real racist country,1
lot people entire medium miss huge crucial point micheal brown even stop first place day happen officer say mike brown walking street day later rob convenience store despite fact owner say store never rob officer apparently fear life pd claim seriously injure altercation mike brown even though video show officer perfectly fine stand mike body hour shooting also mike body 35 foot away officer mike apparently charge man police full shit not see shit make either bigot fuck idiot,1
shoot someone run laugh loud,0
truly tragedy not death kid way city react not way get justice make matter bad malcolm way handle thing not dr king way,0
not really race issue police brutality issue not first time cop like darren wilson not send jail group police officer shoot kill homeless white man not want leave spot home shot attack canines shot bean bag long dead even camera not go jail problem police keep ignore get worse bad not try make excuse bad police officer behavior thankful one job right,0
run motherfucker,1
reason ram move back lot angel 2016,0
guy hero,0
truth people need realize accept michael browns action bring situation bible say justice not serve fast not put justice people say no justice no peace word wake scripture head deeply say not speak everything wish speak right long believe would say come right time,0
interesting informative,0
great interview,0
16 screw price crap think cool disrespect american flag,1
stefan like standup darren wilson though side event lose integrity give clean chit consider incompetent ferguson police turn,0
dude commit felony include assault police officer shoot kill serious race riot distract fact cop job case closed justice serve street day,0
shoot looter sight,1
arab rap 14 go ahead pro laugh loud ghetto,1
techno party,0
no leave alone not take,0
always easy second guess someone cop get lot training end day still human navy seal think human make mistake unless make robot cop continue mistake make also medium play big part issue white co kill black man black cop kill black man would not even make news probably need get long stop make everything race issue good citizen not issue cop young man not saint not gentle giant say rob store probably thing happen cop explain god people involve know exactly happen,0
protester look like kid 16 22 wonder anyone get license plate number pretty wild bunch kid could much damage infrastructure pathetically weak,0
publish aug 17 truth still uncover know likely not assume know entire story investigate fed go investigate pd go back year not case think go know time go assume know answer look microscope mislead people,0
airbag include,1
black life matter white life matter live matter,0
look like medium come bogus clam cause division side thing question not much not people see truth government planing medium fuel,0
much logic intelligence must mixed race intelligent white na,1
put civilian perspective two people get fight one get shot go jail since cop protect self micheal brown shoot 151 foot away daren wilson patrol car no way could not get self situation continue conflict two no reason shoot option like pepper spray tater,0
finish video gaze upon racist bigot comment section make glad human,1
ana fucking hot,1
forget add timeline suspect also assault owner store threaten,0
people facebook tie isis terrorist group muslim extremist,1
show title not belong host name,0
history mankind people color creed culture find way rise ashe oppression self betterment self preservation except black please enlighten unknown phenomenon,1
not wait jesus come back could take care get sick tired racist white people racist black people damn get along black man love white people black people away hate heart try love hate go take we hell need come together god child not ok black power we,0
run mdrfckr,1
would keep go get hit get hit would slowly push way people need grow fuck,1
wow common sense 20014 refresh great job stefan molyneux,0
laugh fuck ass dude taking like hear talk not know say shake head,0
well go young white man kill non white say black cop no media outcry almost no medium anything search,0
need come together,0
fuck,0
idiot,1
stephan watch quite first post truth henry kissinger would interested hearing opinion man ty,0
bill cosby cause,0
love organ no tear gas not geneva convention laugh loud mustard gas burn rib inside vomit sorry say,0
know say wow,0
stefan molyneux please explain inquiry handle subsequent unrest circular language game pretty simple straightforward question seem avoid unnecessarily hostile manner justification heavy hand militaristic response loot would official handle situation decide initially block access area medium family member live area att professionalism hostility law enforcement handle early incorrect info please direct toward fact regard still not understand go straight attack respect logic willing share thank advance hopefully not continue insult whatever reason choose,0
one feral hoodlum put rest we no long need fear thuggish behavior upset blame parent fail raise right provide proper supervision defective start either way sound like case quality control thank officer wilson job,1
let not news,0
loved crayon martin video love one wish could deliver cable news maybe people would get truth,0
city full really really really dumb people not try reason,1
ever get situation run asshole,1
racist piece shit reach anything justify murder extremely shameful slant fact order justify racist biased view,1
come towards officer thing charge officer person 35 foot away no eyewitness say,0
get shoot time inside right arm palm hand not hand surrender position not consistent charge officer consistent eye witness account say surrender,0
bear mace gas pedal,1
mother fucker fuck peace shit,1
burn public storage make sense,0
believe correct word caucasian not white let we correct every regard great report though love video,0
joe organ idiot,1
watch keep mutter shoot shoot pull trigger rubber bullet hurt like fer,1
wait riot people stand barely sidewalk guy gun middle traffic,0
criminal get shoot great,1
really black people violent,0
huge wisdom anyone ear listen,0
black able white people rush hour traffic come home job bring lazy ass watching get high fuck people provide welfare yea white people sit jury rule po lice brutality shooting piss sure getting see side story,1
people talk stupid subject not care blue purple cousin kill drunk african driver leave die go local news see rioting outside no sorry michael family truly everyone loose someone people get violent people post think people,0
bitch deport,1
thank stefan well put,0
hell even interview guy idiot,1
go pay store owner cigar big gigantic mike stole,0
dumb people,1
not attack police officer steal store expect,0
laser gun need,0
fuck cop pussy,1
happen would drive though cop shit mess let finish say like need get home work see long line car hold people bullshit,1
dislikes white people offend think racism not issue anymore think,1
dare sand storm,0
would love see pussy go staten island spit cop would love see happen mike brown strong arm thug people burn ferguson eric garner nothing wrong choke death no protest mafia control staten island no burn car nothing,1
wake black people,0
people country go learn not police enemy medium one light call fire stir pot,0
interviewer right guy show respect paramilitary police kill get away ha,1
man guy nothing bunch waffle nonsense come mouth answer question,1
like turtle,0
speak other want say,0
god look raw footage shock ferguson riot watch see guy god,0
fuck idiot get way people get get work,1
answer 24 15 question aim leg,0
really sad story someone kill no reason racial war increase devil must see officer victim guy cause action let we pray soul,0
deadly force fine line not either side brutal no winning,0
welcome new world order,1
see article many case go pretty much one particular one make big scene,0
give keys county snowplow get road open soon possible,1
yea beat white people rob black own store massive riot waste money bet 90 not work stop waste people money hope every single person get shoot not happen though sadly,1
somebody pick gun kill cop already la style,1
290 charge armed cop dangerous weapon,0
cop protester steal destroy thing not solve shit,1
peggy bless much courage heart thank honesty passion matter whatawoman,0
community march peace hand hand girl kill sit home homework deserve least society let maybe al sharpen lead,0
wow need get shit straight never weapon point one ready position due riot understandable course action one know anything,0
michael brown much research see opinion man dangerous enough rob store without weapon dangerous criminal anything gentle giant proof show brown attack wilson peace officer begin not race issue government medium create race issue attack constitutional right anything,0
10 legend still yell move,0
much hatred people,0
wow hole make interviewer seem reasonable balanced,1
ah memory way bring firework,0
law protester block street legal allow run,1
wrong mother fucker no shoot apprehend,1
legalize marijuana problem stop,0
fact prove thug,1
ireland england riot 1995,0
one part hard believe guy run officer shot drug know would illicit type behavior pop,0
virginia,0
easy point negative black man point good point white man shit corny want taken seriously tell fact good bad party know couple lyric picture show middle finger justify shoot 6times medium say control look around internet store owner micheal brown allegedly steal cigar say not micheal brown video bogus think everything happen cop vs black man recent year make sen black man start beat policeman run away policeman start fire micheal stop rush back police gun draw already fire shot pure bullshit,1
kill protester,1
bullyrag,1
wow people like not say thing rightly say pa police get offend tag racist therefore no truth might speak give credence society know speak truth magnifie like no one else could not elevate people like school board city council mayor state national office,0
exactly right stefan crime bad decision create poverty poor unattractive area criminal not steal necessity get respect homie pathetic,1
video racist,0
character not matter armed kill hand damn could arrest not kill fuck let get away murder kill boy steal cigar,0
would eat coal could roll,1
allivesmatter,0
shabby libby ignoramus ass bitch,1
delusional moron anger justify mike indeed unjustly kill hand mike malicious person shoot justify rioting not justify no one know happen day riot take place basis assumption,1
would not waist time try reason police spit thug try defend criminal brown losing matter grand jury make decision live,1
not care protest one run punk ass hope get run,1
everyone know white people die cop black even though black get arrest double rate white less arrest end shooting less people kill police black courtesy bi statistic maybe worry black commit much crime yet number general population oh ten year ago crime rate employment rate black well,0
good balanced unbiased video story sad shake head,0
michael smerconish hack,0
remember send national defense,0
time test police gun fire fire,1
stop advertise swisher sweet laugh loud racist point blank,1
black tired kill nothing not weapon shut ass white devil white people evil,1
mari unemployed,1
time sequence event wrong no 911 call make report robbery officer darren wilson not dispatch crime scene even police chief say publicly,0
look mike brown world instrumental,0
clearly racist shrill canadian vegetable plant live box ivory snow truly know nothing negro race,1
thank,0
ms hubbard absolute respect wish would run office level get big ball male politician call like bravo,0
honestly believe mike brown actually try take cop gun cop sit car would stupid think kid would charge someone point gun beast high high could mike go store everything else easily epic fail sir not make officer take toxicology test officer obviously scare go use weapon per intimidate mike size officer not know mike steal anything tell dispatcher know nothing shoot area get fact straight please,1
police clean mess quick nice,1
need stop act like mike brown innocent guy never nothing wrong,0
case overshadow cop murder kid fake sword saratoga spring utah much outraged mike brown case murder happen utah deal cop provide non lethal weapon shoot utah unwarranted run not know run lunge police fake sword take opportunity immediate action right run shoot times back know large group cop corrupt murderer nothing new though run police many time teen cop pursue find hiding not put bullet back end life say paper saratoga spring black population would say,0
well see looting protest would say would not high exhibit poor decision making also not impressed anyone go college college not use pretty much extend childhood people go,0
people not get not want get shoot not act like thug threaten police officer eff ridiculous excuse act like asshole oh good job destroy city,1
informative really appreciate video,0
brown issue excuse loot take people shit destroy neighborhood typical ghetto bullshit not even hood ghetto bitch collect free rent govt fighting govt occupy wall street facet nothing else go clean highway,1
think waste skin catch desert 3300fps would not make popular guy no free people allow party not live bookend country rest mishit would justice know majority real americans despise every way know every day continue exist sing must yang motherjumper,1
dear mister stefan molyneux not add video regard michael brown ferguson pd horrible history lie corruption smart think not make statement massive authoritarian corruption negative impact community serve people eventually get feed no choice disregard law fight back cop merit charge mister brown indeed happen,0
law not prosecute run people block street sure know go win people laugh loud,1
one mustang need situation laugh loud skull skull,1
not get cop armed civil war machine gun unarmed civilian throw brick fuck united states people america must free oppression,1
get time work ok,0
good opinion yet definitely would use deadly force someone charge assault prior carry gun everywhere go world get crazy thank share everyone know,0
fuck peaceful gun gas human road block problem solve,1
stupid arab police shoot apprehend laugh ass not work attack,1
love thing go peggy stupid killing self quick stop could ever makeup,0
respectable woman,0
guy 34 get hard,0
ok mishit not care foot tall 600 pound call backup use pepper spray use baton use laser wait backup use gun say go monkey blindfold hand tie behind back anyways preliminary autopsy show shoot time less lethal area execute gunshot wound head,1
truly sad people stop roadway simply walk protestor inform 30 second go use punching bag boy girl not move not disband lie bitch need ass kick far cop not even one citation write bitch cop,1
ferguson like american city not prison resident feel mistreat discriminated subject illegal search seizure advice move country vast confident find somewhere great nation find place happy successful,0
laugh loud police beginning sound like say moo move cow mean cop maybe feel like cop mean cow,0
ignorant coward full emotion estrogen apathy hell come fuck racially ambiguous blackwashed loudmouth really choose pathetic man interview,1
amazing info police officer give award could not find nothing else plus witness support oppose view state friend officer wilson wife say repeatedly fact nothing hit piece michael brown long take tell truth day still not statement officer quick release dirt micheal brown smelling yet wait see video catch incident not take plus day show write report unless fill lie truth not change not need preparation simply tell,0
would press button shoot tsar bomber car,1
twitter powerful blunt force trauma powerful hope word change think whose concern black life misplace thank sharing,0
vice news dispatch,0
another bullshit vice documentary not focus fact idiot no job vent racist paranoia,1
run,1
black officer shoot white guy would fine black people not racist,1
white child deserve future ten million non white flood white country every year decade mean white minority every country found black country remain majority black asian country remain majority asian white country affect genocide international law anti white not call genocide call diversity diversity mean chase every last white child anti racist codeword anti white,1
cell phone video show anymore get sorry message say private,0
oh god terrorist isis undercover agent americans arrest,1
obviously not matter smoke marijuana family autopsy says not shoot back unbiased witness clearly state time mb come officer no mention hand witness michael brown shooting repeat time dude keep come towards police,0
not inform 100 exactly going fuck try find reliable resource understand not believe 2014 thing like still happen,0
wow,0
funny thing government trust judge fuck disgusting,1
run,1
say,0
injustice white kid would excuse,1
day day thisisacommentary truth,0
no long allegedly michael brown video confirm family,0
well do thumbs_up,0
congrat get town flame roll live 3rd world hell hole also try move oh wait not town garbage probably business market,0
right dynamite,0
want toss one grenade laugh loud not anyone course range would fuck shit,1
aim gun people say something not like extremely american america broken system,0
bravo,0
let we look fact move away shot fire witness arm shot fire witness drop knee shoot fire witness audio recording 10 12 shot two group video recording spontaneous utterance hand et fight officer officer other fight weapon car officer other weapon discharge car officer other damage officer eye medical report not release officer statement not release police log incident radio report not release forget third review wound show shoot least twice witness yet support unofficial officer version incident,0
feel sorry happen thus think not happen gang member kill another one go street cop kill black male know gang member kill every day lose family friend no one go street scream stop kill police kill black person whole world stop human,0
amen peggy hubbard color make no difference person inside innocent nine year old little girl one attention people want cause chaos black white go exactly obama want look country mess admire courage tell like peggy hubbard,1
people ask peace riot bring violence,0
difference color skin people still say,0
genuine failure leadership president united states nice town ferguson declare state emergency put martial law federal troop stuff town non resident push everyone know go another riot president not want offend black community not want anyone else get shoot let er burn baby burn seem real leader could way mister president sir fail reprehensibly accuse,1
yes let we destroy someone else property ruin day mad someone else take police cunt,1
black get prejudice easily,1
fate another neglect child would interesting know family background always keep mind child emulate social behavior,0
weak display law enforcement,1
supra need let happen,0
police charge,0
great video level head cogent fair unfortunately cognitive dissonance confirmation bias take hold whole discussion breath fresh air thank stefan,0
america,0
would get car start burnout face either move get smoke,1
mister mari 100 right could not say well,0
not one pair work boot steal ferguson riot,1
like say hurt instead,0
nice lorry driver need run fuck,1
police concentrate investigation people call misbehave hope investigation get cancel behave let police work everyone say guy commit suicide cop attack police first place clear not disrespect police way,1
next time line car start make burnout smoke riot gas non lethal efficient double check actually non lethal course ad,1
great video thank peggy,0
would bring ar 15 would do job not care go jail nog would deserve,1
must mad quiet lose belt,0
german police pretty nice even would beat protestor,0
would pop couple shot air watch scatter like roach light turn,1
hope fucker get slam major fine fuck idiot,1
thank mrs hubbard happy say need say black allow neighborhood destroy black mother stand count black father keep ass home help raise child peggy chief back fair wind follow sea shipmate slap hear round world need happen whole lot sister,0
love woman wish like would certainly help page,0
chief not black lying,0
